{
  "sequence_lengths": [
    128,
    256,
    512,
    1024,
    2048
  ],
  "Griffin": [
    7.062516212463379,
    7.050234317779541,
    7.047271728515625,
    7.033451557159424,
    7.026910305023193
  ],
  "Hawk": [
    7.074775695800781,
    7.007086277008057,
    7.023323059082031,
    7.034050464630127,
    7.022546768188477
  ],
  "Local Attention": [
    7.050507068634033,
    6.99955940246582,
    6.9962687492370605,
    7.015860557556152,
    7.0234599113464355
  ]
}